{"primary":"https://bild.de","associatedSites":["https://welt.de","https://autobild.de","https://computerbild.de","https://wieistmeineip.de"],"serviceSites":["https://www.asadcdn.com"]}
{"primary":"https://cafemedia.com","associatedSites":["https://cardsayings.net","https://nourishingpursuits.com"]}
{"primary":"https://elpais.com.uy","associatedSites":["https://clubelpais.com.uy","https://paula.com.uy","https://gallito.com.uy"],"ccTLDs":{"https://elpais.com.uy":["https://elpais.uy"]}}
{"primary":"https://gliadomain.com","associatedSites":["https://salemoveadvisor.com","https://salemovefinancial.com","https://salemovetravel.com"]}
{"primary":"https://hapara.com","associatedSites":["https://teacherdashboard.com","https://mystudentdashboard.com"]}
{"primary":"https://hc1.com","associatedSites":["https://hc1.global"],"serviceSites":["https://hc1cas.com","https://hc1cas.global"]}
{"primary":"https://hearty.me","associatedSites":["https://hearty.app","https://hearty.gift","https://hj.rs","https://heartymail.com","https://alice.tw"]}
{"primary":"https://hindustantimes.com","associatedSites":["https://livemint.com"]}
{"primary":"https://idbs-cloud.com","associatedSites":["https://idbs-dev.com","https://idbs-staging.com","https://idbs-eworkbook.com","https://eworkbookcloud.com","https://eworkbookrequest.com"]}
{"primary":"https://jagran.com","associatedSites":["https://gujaratijagran.com","https://punjabijagran.com"]}
{"primary":"https://journaldesfemmes.com","associatedSites":["https://commentcamarche.net","https://linternaute.com","https://journaldunet.com","https://phonandroid.com","https://commentcamarche.com"],"ccTLDs":{"https://journaldesfemmes.com":["https://journaldesfemmes.fr"],"https://journaldunet.com":["https://journaldunet.fr"],"https://linternaute.com":["https://linternaute.fr"]}}
{"primary":"https://joyreactor.cc","associatedSites":["https://reactor.cc","https://cookreactor.com"],"ccTLDs":{"https://joyreactor.cc":["https://joyreactor.com"]}}
{"primary":"https://kgmedia.id","associatedSites":["https://kompas.com","https://kompasiana.com"]}
{"primary":"https://lanacion.com.ar","associatedSites":["https://bonvivir.com"]}
{"primary":"https://landyrev.com","associatedSites":["https://landyrev.ru"]}
{"primary":"https://libero.it","associatedSites":["https://supereva.it"],"serviceSites":["https://iolam.it"]}
{"primary":"https://mercadolibre.com","associatedSites":["https://mercadolivre.com","https://mercadopago.com","https://mercadoshops.com","https://portalinmobiliario.com","https://tucarro.com"],"ccTLDs":{"https://mercadolibre.com":["https://mercadolibre.com.ar","https://mercadolibre.com.mx","https://mercadolibre.com.bo","https://mercadolibre.cl","https://mercadolibre.com.co","https://mercadolibre.co.cr","https://mercadolibre.com.do","https://mercadolibre.com.ec","https://mercadolibre.com.gt","https://mercadolibre.com.hn","https://mercadolibre.com.ni","https://mercadolibre.com.pa","https://mercadolibre.com.py","https://mercadolibre.com.pe","https://mercadolibre.com.sv","https://mercadolibre.com.uy","https://mercadolibre.com.ve"],"https://mercadolivre.com":["https://mercadolivre.com.br"],"https://mercadopago.com":["https://mercadopago.com.ar","https://mercadopago.com.br","https://mercadopago.com.mx","https://mercadopago.com.uy","https://mercadopago.com.co","https://mercadopago.cl","https://mercadopago.com.pe","https://mercadopago.com.ec","https://mercadopago.com.ve"],"https://mercadoshops.com":["https://mercadoshops.com.ar","https://mercadoshops.com.br","https://mercadoshops.com.mx","https://mercadoshops.cl","https://mercadoshops.com.co"],"https://tucarro.com":["https://tucarro.com.co","https://tucarro.com.ve"]}}
{"primary":"https://mightytext.net","serviceSites":["https://textyserver.appspot.com","https://mighty-app.appspot.com"]}
{"primary":"https://nacion.com","associatedSites":["https://lateja.cr","https://elfinancierocr.com"]}
{"primary":"https://nien.com","associatedSites":["https://chennien.com","https://nien.org","https://nien.co"]}
{"primary":"https://onet.pl","associatedSites":["https://fakt.pl","https://businessinsider.com.pl","https://medonet.pl","https://plejada.pl"],"serviceSites":["https://ocdn.eu"]}
{"primary":"https://poalim.xyz","associatedSites":["https://poalim.site"]}
{"primary":"https://rws1nvtvt.com","associatedSites":["https://rws2nvtvt.com","https://rws3nvtvt.com"]}
{"primary":"https://songstats.com","associatedSites":["https://songshare.com"]}
{"primary":"https://talkdeskqaid.com","associatedSites":["https://trytalkdesk.com"]}
{"primary":"https://talkdeskstgid.com","associatedSites":["https://gettalkdesk.com"]}
{"primary":"https://timesinternet.in","associatedSites":["https://indiatimes.com","https://timesofindia.com","https://economictimes.com","https://samayam.com","https://cricbuzz.com"],"serviceSites":["https://growthrx.in","https://clmbtech.com","https://tvid.in"]}
{"primary":"https://unotv.com","associatedSites":["https://clarosports.com"],"serviceSites":["https://cmxd.com.mx"]}
{"primary":"https://vwo.com","associatedSites":["https://wingify.com"]}
{"primary":"https://wildix.com","associatedSites":["https://wildixin.com"]}
{"primary":"https://wp.pl","associatedSites":["https://o2.pl","https://pudelek.pl","https://money.pl","https://abczdrowie.pl","https://wpext.pl"]}