{
  "manifest_version": 3,
  "name": "__MSG_extensionName__",
  "description": "__MSG_extensionDescription__",
  "version": "0.7.0",
  "default_locale": "en",
  
  "author": "toshi",
  "homepage_url": "https://www.bugbugnow.net/",
  "developer": {
    "name": "toshi",
    "url": "https://github.com/k08045kk"
  },
  "browser_specific_settings": {
    "gecko": {
      "id": "RejectServiceWorker@bugbugnow.net",
      "strict_min_version": "115.0"
    },
    "gecko_android": {
      "strict_min_version": "121.0"
    }
  },
  
  "action": {
    "default_title": "__MSG_extensionName__",
    "default_popup": "/popup/popup.html"
  },
  
  "options_ui": {
    "page": "/options/options.html"
  },
  
  "content_scripts": [{
    "all_frames": true,
    "matches": ["https://*/*"],
    "run_at": "document_start",
    "js": ["/common.js", "/content-script/firefox.js"]
  }],
  
  "permissions": [
    "activeTab",
    "storage"
  ]
}