{
  "manifest_version": 3,
  "name": "__MSG_extensionName__",
  "description": "__MSG_extensionDescription__",
  "version": "0.7.0",
  "default_locale": "en",
  
  "author": "toshi",
  "homepage_url": "https://www.bugbugnow.net/",
  "minimum_chrome_version": "88.0",
  
  "action": {
    "default_title": "__MSG_extensionName__",
    "default_popup": "/popup/popup.html"
  },
  
  "options_ui": {
    "page": "/options/options.html"
  },
  
  "content_scripts": [{
    "world": "ISOLATED",
    "all_frames": true,
    "matches": ["https://*/*"],
    "run_at": "document_start",
    "js": ["/common.js", "/content-script/chrome.js"]
  }],
  
  "web_accessible_resources": [{
    "matches": ["https://*/*"],
    "resources": ["/content-script/*.js"]
  }],
  
  "permissions": [
    "activeTab",
    "storage"
  ]
}